Agency,State,Months,Population,Violent crime total,Murder and nonnegligent Manslaughter,Legacy rape /1,Revised rape /2,Robbery,Aggravated assault,Property crime total,Burglary,Larceny-theft,Motor vehicle theft,Violent Crime rate,Murder and nonnegligent manslaughter rate,Legacy rape rate /1,Revised rape rate /2,Robbery rate,Aggravated assault rate,Property crime rate,Burglary rate,Larceny-theft rate,Motor vehicle theft rate
Abilene Police Dept,TX,12,120686,571,7,,93,128,343,5344,1095,3887,362,473.1,5.8,,77.1,106.1,284.2,4428,907.3,3220.8,300
Akron City Police Dept,OH,12,197891,1366,26,,176,436,728,9123,2883,5660,580,690.3,13.1,,88.9,220.3,367.9,4610.1,1456.9,2860.2,293.1
Albuquerque Police Dept,NM,12,558874,4934,30,402,,1381,3121,30437,6123,20756,3558,882.8,5.4,71.9,,247.1,558.4,5446.1,1095.6,3713.9,636.6
Alexandria Police Dept,VA,12,151065,280,4,,25,142,109,2983,259,2457,267,185.4,2.6,,16.5,94,72.2,1974.6,171.4,1626.5,176.7
Allentown City Police Dept,PA,12,118710,611,9,,66,312,224,3821,940,2608,273,514.7,7.6,,55.6,262.8,188.7,3218.8,791.8,2197,230
Amarillo Police Dept,TX,12,197724,1353,7,,238,283,825,9389,1845,6690,854,684.3,3.5,,120.4,143.1,417.2,4748.5,933.1,3383.5,431.9
Amherst Town Police Dept,NY,12,118860,128,1,,16,43,68,2066,176,1846,44,107.7,0.8,,13.5,36.2,57.2,1738.2,148.1,1553.1,37
Anaheim Police Dept,CA,12,346956,1101,14,79,,418,590,8196,1301,5620,1275,317.3,4,22.8,,120.5,170.1,2362.3,375,1619.8,367.5
Anchorage Police Dept,AK,12,301306,2605,12,,392,496,1705,11531,1375,9217,939,864.6,4,,130.1,164.6,565.9,3827,456.3,3059,311.6
Ann Arbor Police Dept,MI,12,117768,195,0,,57,24,114,2215,320,1790,105,165.6,0,,48.4,20.4,96.8,1880.8,271.7,1519.9,89.2
Antioch Police Dept,CA,12,108223,849,9,,54,320,466,4190,1317,1850,1023,784.5,8.3,,49.9,295.7,430.6,3871.6,1216.9,1709.4,945.3
Arlington Police Dept,TX,12,382976,1854,13,,206,493,1142,13462,2470,10086,906,484.1,3.4,,53.8,128.7,298.2,3515.1,644.9,2633.6,236.6
Arvada Police Dept,CO,12,113008,169,1,,43,32,93,2666,344,2168,154,149.5,0.9,,38.1,28.3,82.3,2359.1,304.4,1918.4,136.3
Athens-Clarke County Police Department,GA,12,121511,372,4,38,,125,205,3792,761,2844,187,306.1,3.3,31.3,,102.9,168.7,3120.7,626.3,2340.5,153.9
Atlanta Police Dept,GA,12,454363,5577,93,151,,2329,3004,26114,5470,16498,4146,1227.4,20.5,33.2,,512.6,661.1,5747.4,1203.9,3631,912.5
Aurora Police Dept,CO,12,350948,1430,9,,273,414,734,9963,1813,7087,1063,407.5,2.6,,77.8,118,209.1,2838.9,516.6,2019.4,302.9
Aurora Police Dept,IL,12,200419,558,8,,43,108,399,2982,509,2356,117,278.4,4,,21.5,53.9,199.1,1487.9,254,1175.5,58.4
Austin Police Dept,TX,12,903924,3581,32,,571,873,2105,37444,5733,29423,2288,396.2,3.5,,63.2,96.6,232.9,4142.4,634.2,3255,253.1
Bakersfield Police Dept,CA,12,367406,1678,17,21,,660,980,14595,4065,8247,2283,456.7,4.6,5.7,,179.6,266.7,3972.4,1106.4,2244.7,621.4
Baltimore City Police Dept,MD,12,623513,8346,211,245,,3677,4213,29420,6926,18008,4486,1338.5,33.8,39.3,,589.7,675.7,4718.4,1110.8,2888.2,719.5
Baton Rouge Police Dept,LA,12,229387,2120,53,,73,852,1142,10270,2772,6986,512,924.2,23.1,,31.8,371.4,497.8,4477.1,1208.4,3045.5,223.2
Beaumont Police Dept,TX,12,117898,1050,16,,91,293,650,5530,1456,3861,213,890.6,13.6,,77.2,248.5,551.3,4690.5,1235,3274.9,180.7
Bellevue Police Dept,WA,12,135449,144,2,25,,65,52,4606,630,3662,314,106.3,1.5,18.5,,48,38.4,3400.5,465.1,2703.6,231.8
Berkeley Police Dept,CA,12,117753,431,3,,35,263,130,5102,932,3615,555,366,2.5,,29.7,223.3,110.4,4332.8,791.5,3070,471.3
Billings Police Dept,MT,12,110245,420,10,,72,54,284,4961,634,3765,562,381,9.1,,65.3,49,257.6,4500,575.1,3415.1,509.8
Birmingham Police Dept,AL,12,212115,3369,52,,182,1051,2084,13929,3750,8743,1436,1588.3,24.5,,85.8,495.5,982.5,6566.7,1767.9,4121.8,677
Boise Police Dept,ID,12,216260,624,4,,120,56,444,4513,693,3628,192,288.5,1.8,,55.5,25.9,205.3,2086.8,320.4,1677.6,88.8
Boston Police Dept,MA,12,654413,4749,53,280,,1680,2736,17269,2680,13077,1512,725.7,8.1,42.8,,256.7,418.1,2638.9,409.5,1998.3,231
Boulder Police Dept,CO,12,104284,245,1,,43,28,173,2780,482,2148,150,234.9,1,,41.2,26.8,165.9,2665.8,462.2,2059.8,143.8
Bridgeport Police Dept,CT,12,147822,1338,11,,92,546,689,4285,1129,2402,754,905.1,7.4,,62.2,369.4,466.1,2898.8,763.8,1624.9,510.1
Broken Arrow Police Dept,OK,12,104592,148,0,,31,43,74,1716,369,1236,111,141.5,0,,29.6,41.1,70.8,1640.7,352.8,1181.7,106.1
Brownsville Police Dept,TX,12,183433,558,5,,103,138,312,7505,1068,6258,179,304.2,2.7,,56.2,75.2,170.1,4091.4,582.2,3411.6,97.6
Buffalo Police Dept,NY,12,258419,3173,60,,173,1277,1663,12449,3119,8362,968,1227.9,23.2,,66.9,494.2,643.5,4817.4,1207,3235.8,374.6
Burbank Police Dept,CA,12,105041,150,1,14,,55,80,2426,296,1948,182,142.8,1,13.3,,52.4,76.2,2309.6,281.8,1854.5,173.3
Cambridge Police Dept,MA,12,108201,302,2,,22,90,188,2610,291,2189,130,279.1,1.8,,20.3,83.2,173.8,2412.2,268.9,2023.1,120.1
Cape Coral Police Dept,FL,12,168712,242,4,,11,41,186,3271,679,2440,152,143.4,2.4,,6.5,24.3,110.2,1938.8,402.5,1446.3,90.1
Carslbad Police Dept,CA,12,112297,204,1,14,,44,145,1731,331,1272,128,181.7,0.9,12.5,,39.2,129.1,1541.4,294.8,1132.7,114
Carrollton Police Dept,TX,12,128577,166,1,,6,54,105,2784,510,2028,246,129.1,0.8,,4.7,42,81.7,2165.2,396.6,1577.3,191.3
Cary Police Dept,NC,12,154978,98,3,6,,33,56,1711,325,1331,55,63.2,1.9,3.9,,21.3,36.1,1104,209.7,858.8,35.5
Cedar Rapids Police Dept,IA,12,128901,388,8,,43,128,209,5043,946,3814,283,301,6.2,,33.4,99.3,162.1,3912.3,733.9,2958.9,219.5
Centennial,CO,12,107485,142,0,,26,14,102,1298,233,995,70,132.1,0,,24.2,13,94.9,1207.6,216.8,925.7,65.1
Chandler Police Dept,AZ,12,252369,466,1,,60,111,294,5643,954,4461,228,184.7,0.4,,23.8,44,116.5,2236,378,1767.6,90.3
Charleston City Police Dept,SC,12,129867,273,9,,26,77,161,2984,351,2456,177,210.2,6.9,,20,59.3,124,2297.7,270.3,1891.2,136.3
Charlotte-Mecklenburg Police Department,NC,12,856916,5054,47,210,,1586,3211,30565,6031,22827,1707,589.8,5.5,24.5,,185.1,374.7,3566.9,703.8,2663.9,199.2
Chattanooga Police Dept,TN,12,174449,1697,27,,106,348,1216,11000,2093,7891,1016,972.8,15.5,,60.8,199.5,697.1,6305.6,1199.8,4523.4,582.4
Chesapeake Police Dept,VA,12,232489,999,10,,68,180,741,6429,1013,5126,290,429.7,4.3,,29.2,77.4,318.7,2765.3,435.7,2204.8,124.7
Chicago Police Dept,IL,12,2724121,,415,,1388,9800,12530,85351,14554,60800,9997,,15.2,,51,359.7,460,3133.2,534.3,2231.9,367
Chula Vista Police Dept,CA,12,259894,612,7,40,,214,351,4524,613,3091,820,235.5,2.7,15.4,,82.3,135.1,1740.7,235.9,1189.3,315.5
Cincinnati Police Dept,OH,12,297671,2719,60,,248,1358,1053,16680,4842,10734,1104,913.4,20.2,,83.3,456.2,353.7,5603.5,1626.6,3606,370.9
Clarksville Police Dept,TN,12,144639,970,10,,71,100,789,4285,976,3124,185,670.6,6.9,,49.1,69.1,545.5,2962.5,674.8,2159.9,127.9
Clearwater Police Dept,FL,12,110075,641,7,,56,195,383,4283,755,3318,210,582.3,6.4,,50.9,177.2,347.9,3891,685.9,3014.3,190.8
Cleveland,OH,12,388655,5205,63,,495,2992,1655,21216,6963,10403,3850,1339.2,16.2,,127.4,769.8,425.8,5458.8,1791.6,2676.7,990.6
Clovis Police Dept,CA,12,100705,216,1,28,,48,139,3064,791,2065,208,214.5,1,27.8,,47.7,138,3042.6,785.5,2050.5,206.5
City Of College Station Police Dept,TX,12,101483,191,0,,45,31,115,2343,517,1748,78,188.2,0,,44.3,30.5,113.3,2308.8,509.4,1722.5,76.9
Colorado Springs,CO,12,444949,2027,20,,400,408,1199,16321,2755,11920,1646,455.6,4.5,,89.9,91.7,269.5,3668.1,619.2,2679,369.9
Columbia Police Dept,MO,12,116847,410,5,,63,116,226,3988,750,3069,169,350.9,4.3,,53.9,99.3,193.4,3413,641.9,2626.5,144.6
Columbia Police Dept,SC,12,134124,1036,9,,80,323,624,7244,1114,5451,679,772.4,6.7,,59.6,240.8,465.2,5401,830.6,4064.1,506.2
Columbus Police Dept,GA,12,206714,1101,22,47,,511,521,13378,3711,8495,1172,532.6,10.6,22.7,,247.2,252,6471.7,1795.2,4109.5,567
Columbus Police Dept,OH,12,830811,4640,85,,787,2112,1656,35544,9100,23495,2949,558.5,10.2,,94.7,254.2,199.3,4278.2,1095.3,2828,355
Concord Police Dept,CA,12,126744,465,3,,22,166,274,5196,832,3348,1016,366.9,2.4,,17.4,131,216.2,4099.6,656.4,2641.5,801.6
Coral Springs Police Dept,FL,12,127939,203,1,,22,57,123,2481,355,2016,110,158.7,0.8,,17.2,44.6,96.1,1939.2,277.5,1575.8,86
Corona Police Dept,CA,12,161128,171,0,25,,68,78,3440,541,2389,510,106.1,0,15.5,,42.2,48.4,2134.9,335.8,1482.7,316.5
Corpus Christi Police Dept,TX,12,319211,2094,27,,280,377,1410,14110,2316,11233,561,656,8.5,,87.7,118.1,441.7,4420.3,725.5,3519,175.7
Costa Mesa Police Dept,CA,12,112709,318,0,45,,120,153,3462,573,2583,306,282.1,0,39.9,,106.5,135.7,3071.6,508.4,2291.7,271.5
Dallas Police Dept,TX,12,1272396,8457,116,,781,3856,3704,45669,11685,26939,7045,664.7,9.1,,61.4,303.1,291.1,3589.2,918.3,2117.2,553.7
Daly City Police Dept,CA,12,105628,194,2,,17,78,97,1685,304,1110,271,183.7,1.9,,16.1,73.8,91.8,1595.2,287.8,1050.9,256.6
Davenport Police Dept,IA,12,102715,636,2,,100,166,368,4195,932,3013,250,619.2,1.9,,97.4,161.6,358.3,4084.1,907.4,2933.4,243.4
Dayton,OH,12,143217,1237,27,,144,537,529,8001,2990,4419,592,863.7,18.9,,100.5,375,369.4,5586.6,2087.7,3085.5,413.4
Denton Police Dept,TX,12,125248,338,2,,104,55,177,3050,431,2486,133,269.9,1.6,,83,43.9,141.3,2435.2,344.1,1984.9,106.2
Denver Police Dept,CO,12,665353,4002,31,,471,1088,2412,22405,4558,14404,3443,601.5,4.7,,70.8,163.5,362.5,3367.4,685,2164.9,517.5
Des Moines Police Dept,IA,12,208250,1276,9,,111,267,889,8872,1894,6107,871,612.7,4.3,,53.3,128.2,426.9,4260.3,909.5,2932.5,418.2
Detroit Police Dept,MI,12,684694,13622,298,,557,3573,9194,32995,9179,13724,10092,1989.5,43.5,,81.4,521.8,1342.8,4818.9,1340.6,2004.4,1473.9
Downey Police Dept,CA,12,113595,281,3,15,,127,136,2897,479,1626,792,247.4,2.6,13.2,,111.8,119.7,2550.3,421.7,1431.4,697.2
Durham Police Dept,NC,12,249738,1834,21,73,,654,1086,11085,3652,6853,580,734.4,8.4,29.2,,261.9,434.9,4438.7,1462.3,2744.1,232.2
Edison Twp Police Dept,NJ,12,101965,98,0,6,,49,43,1105,269,743,93,96.1,0,5.9,,48.1,42.2,1083.7,263.8,728.7,91.2
El Cajon Police Dept,CA,12,102838,327,4,20,,134,169,2252,496,1438,318,318,3.9,19.4,,130.3,164.3,2189.9,482.3,1398.3,309.2
El Monte Police Dept,CA,12,116220,333,2,20,,164,147,2213,462,1168,583,286.5,1.7,17.2,,141.1,126.5,1904.1,397.5,1005,501.6
El Paso Police Dept,TX,12,680273,2671,21,,335,415,1900,14570,1579,12170,821,392.6,3.1,,49.2,61,279.3,2141.8,232.1,1789,120.7
Elgin Police Dept,IL,12,110595,220,2,,46,65,107,1997,299,1614,84,198.9,1.8,,41.6,58.8,96.7,1805.7,270.4,1459.4,76
Elizabeth Police Dept,NJ,12,128345,1142,13,34,,634,461,3846,836,2129,881,889.8,10.1,26.5,,494,359.2,2996.6,651.4,1658.8,686.4
Erie Police Dept,PA,12,100403,406,10,,52,96,248,2640,772,1794,74,404.4,10,,51.8,95.6,247,2629.4,768.9,1786.8,73.7
Escondido Police Dept,CA,12,149839,512,3,35,,165,309,3026,500,1994,532,341.7,2,23.4,,110.1,206.2,2019.5,333.7,1330.8,355
Eugene Police Dept,OR,12,159882,587,2,,79,170,336,6637,1068,5039,530,367.1,1.3,,49.4,106.3,210.2,4151.2,668,3151.7,331.5
Evansville Police Dept,IN,12,120372,623,9,69,,223,322,6883,1087,5250,546,517.6,7.5,57.3,,185.3,267.5,5718.1,903,4361.5,453.6
Everett Police Dept,WA,12,105911,364,2,43,,135,184,6947,1198,4660,1089,343.7,1.9,40.6,,127.5,173.7,6559.3,1131.1,4399.9,1028.2
Fairfield Police Dept,CA,12,110300,519,6,41,,201,271,3873,656,2582,635,470.5,5.4,37.2,,182.2,245.7,3511.3,594.7,2340.9,575.7
Fargo Police Dept,ND,12,115686,415,4,,84,77,250,3063,541,2323,199,358.7,3.5,,72.6,66.6,216.1,2647.7,467.6,2008,172
Fayetteville Police Dept,NC,12,205306,1039,19,72,,470,478,10524,2510,7427,587,506.1,9.3,35.1,,228.9,232.8,5126,1222.6,3617.5,285.9
Fontana Police Dept,CA,12,204532,710,2,39,,173,496,3710,686,2191,833,347.1,1,19.1,,84.6,242.5,1813.9,335.4,1071.2,407.3
Fort Collins Police Dept,CO,12,154015,322,1,,42,36,243,3782,490,3141,151,209.1,0.6,,27.3,23.4,157.8,2455.6,318.2,2039.4,98
Fort Lauderdale Police Dept,FL,12,174056,1345,18,,78,618,631,8933,1942,6317,674,772.7,10.3,,44.8,355.1,362.5,5132.3,1115.7,3629.3,387.2
Fort Wayne Police Dept,IN,12,257172,816,12,,104,347,353,8352,1765,6223,364,317.3,4.7,,40.4,134.9,137.3,3247.6,686.3,2419.8,141.5
City Of Fort Worth Police Dept,TX,12,804907,4492,53,,570,1140,2729,32201,7130,22717,2354,558.1,6.6,,70.8,141.6,339,4000.6,885.8,2822.3,292.5
Fremont Police Dept,CA,12,227575,284,1,20,,119,144,3910,899,2417,594,124.8,0.4,8.8,,52.3,63.3,1718.1,395,1062.1,261
Fresno Police Dept,CA,12,513187,2382,47,53,,781,1501,21101,4721,13277,3103,464.2,9.2,10.3,,152.2,292.5,4111.8,919.9,2587.2,604.7
Frisco Police Dept,TX,12,141940,118,4,,21,20,73,2535,403,2058,74,83.1,2.8,,14.8,14.1,51.4,1786,283.9,1449.9,52.1
Fullerton Police Dept,CA,12,139895,339,0,55,,101,183,3206,521,2380,305,242.3,0,39.3,,72.2,130.8,2291.7,372.4,1701.3,218
Gainesville Police Dept,FL,12,128185,817,2,,102,150,563,4580,594,3688,298,637.4,1.6,,79.6,117,439.2,3573,463.4,2877.1,232.5
Garden Grove Police Dept,CA,12,176106,406,5,17,,124,260,3098,646,1976,476,230.5,2.8,9.7,,70.4,147.6,1759.2,366.8,1122.1,270.3
Garland Police Dept,TX,12,236414,644,5,,96,312,231,7695,1527,5431,737,272.4,2.1,,40.6,132,97.7,3254.9,645.9,2297.2,311.7
Gilbert Police Dept,AZ,12,235430,212,0,,29,41,142,3518,587,2803,128,90,0,,12.3,17.4,60.3,1494.3,249.3,1190.6,54.4
Glendale Police Dept,AZ,12,236780,921,20,,112,350,439,12578,2091,9382,1105,389,8.4,,47.3,147.8,185.4,5312.1,883.1,3962.3,466.7
Glendale Police Dept,CA,12,197079,186,0,9,,67,110,3073,511,2294,268,94.4,0,4.6,,34,55.8,1559.3,259.3,1164,136
Grand Prairie Police Dept,TX,12,185273,482,4,,74,163,241,4635,913,3124,598,260.2,2.2,,39.9,88,130.1,2501.7,492.8,1686.2,322.8
Grand Rapids Police Dept,MI,12,193385,1381,7,,86,426,862,5174,1126,3755,293,714.1,3.6,,44.5,220.3,445.7,2675.5,582.3,1941.7,151.5
Green Bay Police Dept,WI,12,104979,522,3,,53,63,403,2314,406,1823,85,497.2,2.9,,50.5,60,383.9,2204.3,386.7,1736.5,81
Greensboro Police Dept,NC,12,282203,1346,23,52,,487,784,10160,2508,7119,533,477,8.2,18.4,,172.6,277.8,3600.2,888.7,2522.7,188.9
Gresham Police Dept,OR,12,110276,549,2,47,,215,285,5161,915,3500,746,497.8,1.8,42.6,,195,258.4,4680.1,829.7,3173.9,676.5
Hampton Police Dept,VA,12,136590,349,10,,33,111,195,4441,614,3598,229,255.5,7.3,,24.2,81.3,142.8,3251.3,449.5,2634.2,167.7
Hartford Police Dept,CT,12,124943,1380,19,,45,502,814,5280,888,3642,750,1104.5,15.2,,36,401.8,651.5,4225.9,710.7,2914.9,600.3
Hayward Police Dept,CA,12,153319,605,9,,53,329,214,4873,985,2444,1444,394.6,5.9,,34.6,214.6,139.6,3178.3,642.5,1594.1,941.8
Henderson Police Dept,NV,12,274121,452,3,,89,165,195,5423,1397,3531,495,164.9,1.1,,32.5,60.2,71.1,1978.3,509.6,1288.1,180.6
Hialeah Police Dept,FL,12,235446,782,6,,44,255,477,6536,723,5140,673,332.1,2.5,,18.7,108.3,202.6,2776,307.1,2183.1,285.8
High Point Police Dept,NC,12,108540,505,4,23,,142,336,3863,998,2628,237,465.3,3.7,21.2,,130.8,309.6,3559.1,919.5,2421.2,218.4
Hollywood Police Dept,FL,12,147918,731,12,,62,257,400,6385,1428,4483,474,494.2,8.1,,41.9,173.7,270.4,4316.6,965.4,3030.7,320.4
Honolulu Police Dept,HI,4,994034,714,7,80,,254,373,10479,1526,7588,1365,,,,,,,,,,
Houston Police Dept,TX,12,2219933,22008,242,,812,10186,10768,104197,21629,68125,14443,991.4,10.9,,36.6,458.8,485.1,4693.7,974.3,3068.8,650.6
Huntington Beach Police Dept,CA,12,199152,391,1,,45,100,245,4238,643,3295,300,196.3,0.5,,22.6,50.2,123,2128,322.9,1654.5,150.6
Huntsville Police Dept,AL,12,187624,1467,15,,104,390,958,9161,1912,6521,728,781.9,8,,55.4,207.9,510.6,4882.6,1019.1,3475.6,388
Independence Police Dept,MO,12,117321,476,3,,43,126,304,6582,1128,4616,838,405.7,2.6,,36.7,107.4,259.1,5610.2,961.5,3934.5,714.3
Indianapolis Police Dept,IN,12,858238,10768,136,,573,3808,6251,41394,12125,24090,5179,1254.7,15.8,,66.8,443.7,728.4,4823.1,1412.8,2806.9,603.4
Inglewood Police Dept,CA,12,111997,783,20,32,,371,360,2740,582,1461,697,699.1,17.9,28.6,,331.3,321.4,2446.5,519.7,1304.5,622.3
Irvine Police Department,CA,12,242971,120,0,28,,36,56,3045,575,2344,126,49.4,0,11.5,,14.8,23,1253.2,236.7,964.7,51.9
Irving Police Dept,TX,12,231708,512,5,,36,175,296,6291,1043,4676,572,221,2.2,,15.5,75.5,127.7,2715.1,450.1,2018.1,246.9
Jackson Police Dept,MS,12,172376,1593,61,117,,801,614,10382,2952,6303,1127,924.1,35.4,67.9,,464.7,356.2,6022.9,1712.5,3656.5,653.8
Jacksonville,FL,12,856021,5853,96,,479,1419,3859,33732,6806,24945,1981,683.7,11.2,,56,165.8,450.8,3940.6,795.1,2914.1,231.4
Jersey City Police Dept,NJ,12,260005,1381,24,35,,620,702,4240,887,2804,549,531.1,9.2,13.5,,238.5,270,1630.7,341.1,1078.4,211.1
Joliet,IL,12,147838,495,8,,24,115,348,2988,642,2231,115,334.8,5.4,,16.2,77.8,235.4,2021.1,434.3,1509.1,77.8
Kansas City Police Dept,KS,12,149103,1060,25,,233,254,548,7316,1663,4697,956,710.9,16.8,,156.3,170.4,367.5,4906.7,1115.3,3150.2,641.2
Kansas City Police Dept,MO,12,468417,5892,79,,412,1626,3775,22776,5688,13120,3968,1257.9,16.9,,88,347.1,805.9,4862.3,1214.3,2800.9,847.1
Kenosha Police Dept,WI,12,100025,288,5,35,,107,141,2413,547,1768,98,287.9,5,35,,107,141,2412.4,546.9,1767.6,98
Kent Police Dept,WA,12,125837,362,3,,66,161,132,6272,1039,4251,982,287.7,2.4,,52.4,127.9,104.9,4984.2,825.7,3378.2,780.4
Killeen Police Dept,TX,12,139211,846,10,,114,196,526,4703,1334,3149,220,607.7,7.2,,81.9,140.8,377.8,3378.3,958.3,2262,158
Knoxville Police Dept,TN,12,184362,1614,12,,136,413,1053,12042,1977,9229,836,875.5,6.5,,73.8,224,571.2,6531.7,1072.3,5005.9,453.5
Lafayette Police Dept,LA,12,125122,814,7,,10,248,549,6800,1186,5208,406,650.6,5.6,,8,198.2,438.8,5434.7,947.9,4162.3,324.5
Lakeland Police Dept,FL,12,101428,453,8,,73,153,219,5285,1088,3948,249,446.6,7.9,,72,150.8,215.9,5210.6,1072.7,3892.4,245.5
Lakewood,CO,12,148236,713,5,,117,137,454,6845,899,5293,653,481,3.4,,78.9,92.4,306.3,4617.6,606.5,3570.7,440.5
Lancaster,CA,12,160190,891,4,54,,249,584,3661,1140,2057,464,556.2,2.5,33.7,,155.4,364.6,2285.4,711.7,1284.1,289.7
Lansing City Police Dept,MI,12,113901,1274,10,,118,250,896,3591,958,2260,373,1118.5,8.8,,103.6,219.5,786.6,3152.7,841.1,1984.2,327.5
Laredo,TX,12,250994,976,14,,99,196,667,9687,1267,8144,276,388.9,5.6,,39.4,78.1,265.7,3859.5,504.8,3244.7,110
Las Cruces Police Dept,NM,12,102113,295,7,55,,60,173,4614,828,3563,223,288.9,6.9,53.9,,58.8,169.4,4518.5,810.9,3489.3,218.4
Las Vegas Metropolitan Police Department,NV,12,1530899,12876,122,,780,4885,7089,44754,14150,23432,7172,841.1,8,,51,319.1,463.1,2923.4,924.3,1530.6,468.5
Lewisville Police Dept,TX,12,102439,201,1,,34,56,110,2605,439,1815,351,196.2,1,,33.2,54.7,107.4,2543,428.5,1771.8,342.6
Lexington-Fayette County Police Department,KY,12,311848,1050,20,,142,554,334,12201,2400,8865,936,336.7,6.4,,45.5,177.7,107.1,3912.5,769.6,2842.7,300.1
Lincoln Police Dept,NE,12,271208,918,7,152,,205,554,9082,1305,7452,325,338.5,2.6,56,,75.6,204.3,3348.7,481.2,2747.7,119.8
Little Rock Police Dept,AR,12,198217,2785,43,,140,744,1858,14672,3107,10675,890,1405,21.7,,70.6,375.3,937.4,7402,1567.5,5385.5,449
Long Beach Police Dept,CA,12,471123,2304,23,110,,889,1282,12438,3482,6875,2081,489,4.9,23.3,,188.7,272.1,2640.1,739.1,1459.3,441.7
Los Angeles Police Dept,CA,12,3906772,19171,260,,1126,7949,9836,83139,15070,54281,13788,490.7,6.7,,28.8,203.5,251.8,2128.1,385.7,1389.4,352.9
Louisville Metro,KY,12,677710,4015,56,,194,1532,2233,28438,6423,19729,2286,592.4,8.3,,28.6,226.1,329.5,4196.2,947.8,2911.1,337.3
Lowell Police Dept,MA,12,109729,599,6,,41,181,371,2800,638,1838,324,545.9,5.5,,37.4,165,338.1,2551.7,581.4,1675,295.3
Lubbock Police Dept,TX,12,241826,2084,12,,128,333,1611,10617,2288,7563,766,861.8,5,,52.9,137.7,666.2,4390.3,946.1,3127.5,316.8
Madison City Police Dept,WI,12,245788,846,5,,86,226,529,6989,1132,5611,246,344.2,2,,35,91.9,215.2,2843.5,460.6,2282.9,100.1
Manchester Police Dept,NH,12,110571,685,3,,61,237,384,4006,730,3115,161,619.5,2.7,,55.2,214.3,347.3,3623,660.2,2817.2,145.6
Mcallen Police Dept,TX,12,138122,181,6,,18,68,89,4947,411,4364,172,131,4.3,,13,49.2,64.4,3581.6,297.6,3159.5,124.5
Mckinney Police Dept,TX,12,152806,224,3,,42,60,119,2847,400,2298,149,146.6,2,,27.5,39.3,77.9,1863.1,261.8,1503.9,97.5
Memphis Police Dept,TN,12,654922,11420,139,,519,3285,7477,39263,11463,24825,2975,1743.7,21.2,,79.2,501.6,1141.7,5995.1,1750.3,3790.5,454.3
Mesa Police Dept,AZ,12,462092,2119,13,,252,469,1385,12940,2358,9744,838,458.6,2.8,,54.5,101.5,299.7,2800.3,510.3,2108.7,181.3
Mesquite Police Dept,TX,12,144396,432,4,,53,191,184,5846,1176,3816,854,299.2,2.8,,36.7,132.3,127.4,4048.6,814.4,2642.7,591.4
Miami Police Dept,FL,12,421996,4473,81,,110,1790,2492,20394,3659,14514,2221,1060,19.2,,26.1,424.2,590.5,4832.7,867.1,3439.4,526.3
Midland Police Dept,TX,12,127344,407,7,,36,65,299,3266,597,2475,194,319.6,5.5,,28.3,51,234.8,2564.7,468.8,1943.6,152.3
Milwaukee Police Dept,WI,12,600374,8914,86,,396,3555,4877,27547,5949,14941,6657,1484.7,14.3,,66,592.1,812.3,4588.3,990.9,2488.6,1108.8
Minneapolis Police Dept,MN,12,404461,4093,31,,389,1871,1802,19123,4112,13480,1531,1012,7.7,,96.2,462.6,445.5,4728,1016.7,3332.8,378.5
Miramar Police Dept,FL,12,132352,417,4,,43,126,244,2750,722,1849,179,315.1,3,,32.5,95.2,184.4,2077.8,545.5,1397,135.2
Mobile Police Dept,AL,12,250655,1488,31,,136,428,893,11603,2847,8225,531,593.6,12.4,,54.3,170.8,356.3,4629.1,1135.8,3281.4,211.8
Modesto Police Dept,CA,12,205820,1778,11,81,,385,1301,9113,1754,6164,1195,863.9,5.3,39.4,,187.1,632.1,4427.7,852.2,2994.8,580.6
Montgomery Police Dept,AL,12,200194,1046,35,,35,450,526,9025,2548,5817,660,522.5,17.5,,17.5,224.8,262.7,4508.1,1272.8,2905.7,329.7
Moreno Valley,CA,12,202911,584,11,20,,257,296,6410,1638,3742,1030,287.8,5.4,9.9,,126.7,145.9,3159,807.3,1844.2,507.6
Murfreesboro Police Dept,TN,12,119005,637,7,,54,120,456,3993,762,3060,171,535.3,5.9,,45.4,100.8,383.2,3355.3,640.3,2571.3,143.7
City Of Murrieta Police Dept,CA,12,108376,68,1,6,,20,41,1458,262,1009,187,62.7,0.9,5.5,,18.5,37.8,1345.3,241.8,931,172.5
Naperville Police Dept,IL,12,145510,113,1,,8,20,84,1634,176,1421,37,77.7,0.7,,5.5,13.7,57.7,1122.9,121,976.6,25.4
Nashville-Davidson Metro Police Dept,TN,12,647689,7289,42,,491,1529,5227,23620,4772,17707,1141,1125.4,6.5,,75.8,236.1,807,3646.8,736.8,2733.9,176.2
New Haven Police Dept,CT,12,130882,1425,13,,82,594,736,5228,1005,3622,601,1088.8,9.9,,62.7,453.8,562.3,3994.4,767.9,2767.4,459.2
New Orleans Police Dept,LA,12,387113,3770,150,,244,1470,1906,16382,3458,10309,2615,973.9,38.7,,63,379.7,492.4,4231.8,893.3,2663,675.5
New York City Police Dept,NY,12,8473938,50564,333,,2190,16581,31460,135747,15916,112107,7724,596.7,3.9,,25.8,195.7,371.3,1601.9,187.8,1323,91.2
Newark Police Dept,NJ,12,279110,3009,94,49,,1922,944,7958,1736,3810,2412,1078.1,33.7,17.6,,688.6,338.2,2851.2,622,1365.1,864.2
Newport News Police Dept,VA,12,182374,782,25,,72,231,454,5552,916,4310,326,428.8,13.7,,39.5,126.7,248.9,3044.3,502.3,2363.3,178.8
Norfolk Police Dept,VA,12,247078,1285,31,,126,392,736,9696,1313,7878,505,520.1,12.5,,51,158.7,297.9,3924.3,531.4,3188.5,204.4
Norman Police Dept,OK,12,119956,192,3,,54,69,66,3243,566,2501,176,160.1,2.5,,45,57.5,55,2703.5,471.8,2084.9,146.7
North Charleston Police Dept,SC,12,105594,764,21,,82,242,419,5774,799,4470,505,723.5,19.9,,77.7,229.2,396.8,5468.1,756.7,4233.2,478.2
North Las Vegas Police Dept,NV,12,229436,1782,12,,82,458,1230,5508,2019,2623,866,776.7,5.2,,35.7,199.6,536.1,2400.7,880,1143.2,377.4
Norwalk,CA,12,106838,316,8,13,,110,185,2001,360,1155,486,295.8,7.5,12.2,,103,173.2,1872.9,337,1081.1,454.9
Oakland Police Dept,CA,12,409994,6910,80,209,,3481,3140,24367,4006,13842,6519,1685.4,19.5,51,,849,765.9,5943.3,977.1,3376.1,1590
Oceanside,CA,12,174102,652,5,,52,186,409,3984,615,3007,362,374.5,2.9,,29.9,106.8,234.9,2288.3,353.2,1727.1,207.9
Odessa Police Dept,TX,12,113619,1068,11,,65,148,844,4217,735,3004,478,940,9.7,,57.2,130.3,742.8,3711.5,646.9,2643.9,420.7
Oklahoma City Police Dept,OK,12,617975,4782,45,,434,1126,3177,27258,6638,17111,3509,773.8,7.3,,70.2,182.2,514.1,4410.9,1074.2,2768.9,567.8
Olathe Police Dept,KS,12,133341,101,0,,37,15,49,1746,199,1388,159,75.7,0,,27.7,11.2,36.7,1309.4,149.2,1040.9,119.2
Omaha Police Dept,NE,12,438465,2458,32,180,,723,1523,19053,2997,12910,3146,560.6,7.3,41.1,,164.9,347.3,4345.4,683.5,2944.4,717.5
Ontario Police Dept,CA,12,168278,431,6,20,,163,242,4654,780,2987,887,256.1,3.6,11.9,,96.9,143.8,2765.7,463.5,1775,527.1
Orange Police Dept,CA,12,140767,142,0,10,,53,79,2241,366,1631,244,100.9,0,7.1,,37.7,56.1,1592,260,1158.7,173.3
Orlando Police Dept,FL,12,259675,2340,15,,167,620,1538,16515,3342,12182,991,901.1,5.8,,64.3,238.8,592.3,6359.9,1287,4691.2,381.6
City Of Overland Park Police Dept,KS,12,183108,327,6,,127,29,165,3033,384,2130,519,178.6,3.3,,69.4,15.8,90.1,1656.4,209.7,1163.2,283.4
Oxnard Police Dept,CA,12,204159,884,11,,45,447,381,6382,1172,4475,735,433,5.4,,22,218.9,186.6,3126,574.1,2191.9,360
Palm Bay Police Dept,FL,12,105287,600,4,,38,56,502,2226,478,1621,127,569.9,3.8,,36.1,53.2,476.8,2114.2,454,1539.6,120.6
Palmdale,CA,12,158210,840,9,38,,230,563,3219,875,2010,334,530.9,5.7,24,,145.4,355.9,2034.6,553.1,1270.5,211.1
Pasadena Police Dept,CA,12,140373,394,10,23,,126,235,3469,826,2413,230,280.7,7.1,16.4,,89.8,167.4,2471.3,588.4,1719,163.8
Pasadena Police Dept,TX,12,153540,591,7,,93,154,337,4630,788,3322,520,384.9,4.6,,60.6,100.3,219.5,3015.5,513.2,2163.6,338.7
Paterson Police Dept,NJ,12,146083,1192,24,25,,612,531,3856,1157,1957,742,816,16.4,17.1,,418.9,363.5,2639.6,792,1339.6,507.9
Pearland Police Dept,TX,12,102516,160,2,,42,28,88,2068,304,1684,80,156.1,2,,41,27.3,85.8,2017.2,296.5,1642.7,78
Pembroke Pines Police Dept,FL,12,164372,277,4,,24,97,152,3775,569,3023,183,168.5,2.4,,14.6,59,92.5,2296.6,346.2,1839.1,111.3
Peoria Police Dept,AZ,12,164722,244,2,,36,60,146,3299,607,2510,182,148.1,1.2,,21.9,36.4,88.6,2002.8,368.5,1523.8,110.5
Peoria Police Dept,IL,12,116923,759,7,,68,230,454,4858,1224,3442,192,649.1,6,,58.2,196.7,388.3,4154.9,1046.8,2943.8,164.2
Philadelphia Police Dept,PA,12,1559062,15925,248,,1207,6970,7500,52816,9694,37394,5728,1021.4,15.9,,77.4,447.1,481.1,3387.7,621.8,2398.5,367.4
Phoenix Police Dept,AZ,12,1529852,8749,114,,1006,2952,4677,56977,14316,35461,7200,571.9,7.5,,65.8,193,305.7,3724.3,935.8,2317.9,470.6
Pittsburgh,PA,12,307613,2455,69,,91,986,1309,9883,2129,7157,597,798.1,22.4,,29.6,320.5,425.5,3212.8,692.1,2326.6,194.1
Plano Police Dept,TX,12,277822,459,4,,80,156,219,5508,826,4390,292,165.2,1.4,,28.8,56.2,78.8,1982.6,297.3,1580.1,105.1
Pomona Police Dept,CA,12,151899,777,18,44,,241,474,4403,677,2686,1040,511.5,11.8,29,,158.7,312,2898.6,445.7,1768.3,684.7
Pompano Beach Police Dept,FL,12,105523,869,6,,62,259,542,4568,1004,3250,314,823.5,5.7,,58.8,245.4,513.6,4328.9,951.5,3079.9,297.6
City Of Port St Lucie Police Dept,FL,12,172453,243,6,,16,37,184,2498,511,1896,91,140.9,3.5,,9.3,21.5,106.7,1448.5,296.3,1099.4,52.8
Portland Police Dept,OR,12,615672,2911,26,262,,847,1776,32229,4146,24707,3376,472.8,4.2,42.6,,137.6,288.5,5234.8,673.4,4013,548.3
Providence Police Dept,RI,12,178640,933,18,,93,290,532,6860,1671,4393,796,522.3,10.1,,52.1,162.3,297.8,3840.1,935.4,2459.1,445.6
Provo Police Dept,UT,12,117158,154,1,,73,19,61,2234,211,1908,115,131.4,0.9,,62.3,16.2,52.1,1906.8,180.1,1628.6,98.2
Pueblo Police Dept,CO,12,108591,889,10,,155,183,541,7091,2003,4450,638,818.7,9.2,,142.7,168.5,498.2,6530,1844.5,4097.9,587.5
Raleigh Police Dept,NC,5,438363,667,8,34,,231,394,4516,973,3284,259,,,,,,,,,,
Rancho Cucamonga,CA,12,172694,283,4,,17,99,163,3668,1348,1908,412,163.9,2.3,,9.8,57.3,94.4,2124,780.6,1104.8,238.6
Reno Police Dept,NV,12,235055,1147,15,,128,263,741,6798,1312,4711,775,488,6.4,,54.5,111.9,315.2,2892.1,558.2,2004.2,329.7
Rialto Police Dept,CA,12,102540,328,5,18,,113,192,2154,613,886,655,319.9,4.9,17.6,,110.2,187.2,2100.6,597.8,864.1,638.8
Richardson Police Dept,TX,12,105744,179,1,,22,75,81,2405,374,1885,146,169.3,0.9,,20.8,70.9,76.6,2274.4,353.7,1782.6,138.1
Richmond Police Dept,CA,12,108464,843,11,,63,378,391,4281,937,2114,1230,777.2,10.1,,58.1,348.5,360.5,3946.9,863.9,1949,1134
Richmond (City) Bureau Of Police,VA,12,216747,1264,43,,43,568,610,8426,1690,5998,738,583.2,19.8,,19.8,262.1,281.4,3887.5,779.7,2767.3,340.5
Riverside Police Dept,CA,12,319453,1384,12,,143,441,788,9864,1531,6794,1539,433.2,3.8,,44.8,138,246.7,3087.8,479.3,2126.8,481.8
Rochester Police Dept,MN,12,111712,,2,,46,52,105,2223,338,1775,110,,1.8,,41.2,46.5,94,1989.9,302.6,1588.9,98.5
Rochester Police Dept,NY,12,210347,1787,32,,209,698,848,8856,2125,6058,673,849.5,15.2,,99.4,331.8,403.1,4210.2,1010.2,2880,319.9
Rockford Police Dept,IL,12,149586,1863,18,,134,414,1297,6443,1711,4350,382,1245.4,12,,89.6,276.8,867.1,4307.2,1143.8,2908,255.4
Roseville Police Dept,CA,12,128997,193,1,,17,50,125,3070,470,2367,233,149.6,0.8,,13.2,38.8,96.9,2379.9,364.3,1834.9,180.6
Round Rock Police Dept,TX,12,112199,140,0,,29,39,72,2189,247,1891,51,124.8,0,,25.8,34.8,64.2,1951,220.1,1685.4,45.5
Sacramento Police Dept,CA,12,482767,2968,28,78,,1000,1862,15078,3238,9443,2397,614.8,5.8,16.2,,207.1,385.7,3123.2,670.7,1956,496.5
Salem Police Dept,OR,12,162028,508,2,,45,103,358,7075,833,5595,647,313.5,1.2,,27.8,63.6,220.9,4366.5,514.1,3453.1,399.3
Salinas Police Dept,CA,12,156908,997,15,32,,449,501,5227,1281,2330,1616,635.4,9.6,20.4,,286.2,319.3,3331.3,816.4,1484.9,1029.9
Salt Lake City Police Dept,UT,12,192368,1452,7,,223,449,773,16276,1729,12756,1791,754.8,3.6,,115.9,233.4,401.8,8460.9,898.8,6631,931
San Antonio Police Dept,TX,12,1428465,7704,103,,1077,1777,4747,77392,12344,57908,7140,539.3,7.2,,75.4,124.4,332.3,5417.8,864.1,4053.9,499.8
San Bernardino Police Dept,CA,12,214588,2128,43,104,,811,1170,9239,2370,4405,2464,991.7,20,48.5,,377.9,545.2,4305.5,1104.4,2052.8,1148.2
San Diego Police Dept,CA,12,1368690,5214,32,371,,1318,3493,26812,5115,16691,5006,380.9,2.3,27.1,,96.3,255.2,1959,373.7,1219.5,365.8
San Francisco Police Dept,CA,12,850294,6761,45,,355,3224,3137,45093,5237,33730,6126,795.1,5.3,,41.8,379.2,368.9,5303.2,615.9,3966.9,720.5
San Jose Police Dept,CA,12,1009679,3242,32,306,,1072,1832,24577,5167,11850,7560,321.1,3.2,30.3,,106.2,181.4,2434.1,511.7,1173.6,748.8
San Mateo Police Dept,CA,12,102082,230,0,21,,74,135,1944,407,1338,199,225.3,0,20.6,,72.5,132.2,1904.4,398.7,1310.7,194.9
Santa Ana Police Dept,CA,12,336462,1260,18,115,,452,675,5784,793,3685,1306,374.5,5.3,34.2,,134.3,200.6,1719.1,235.7,1095.2,388.2
Santa Clara Police Dept,CA,12,121114,162,0,,26,89,47,3268,577,2287,404,133.8,0,,21.5,73.5,38.8,2698.3,476.4,1888.3,333.6
Santa Clarita,CA,12,206930,307,1,15,,92,199,2437,613,1581,243,148.4,0.5,7.2,,44.5,96.2,1177.7,296.2,764,117.4
Santa Maria Police Dept,CA,12,102885,439,3,44,,149,243,3045,666,1496,883,426.7,2.9,42.8,,144.8,236.2,2959.6,647.3,1454.1,858.2
Santa Rosa Police Dept,CA,12,172991,636,2,70,,130,434,3850,598,2873,379,367.6,1.2,40.5,,75.1,250.9,2225.5,345.7,1660.8,219.1
Savannah Police Dept,GA,12,236682,927,32,65,,459,371,8507,1681,6071,755,391.7,13.5,27.5,,193.9,156.8,3594.3,710.2,2565,319
Scottsdale Police Dept,AZ,12,229325,362,2,,86,81,193,5301,970,4111,220,157.9,0.9,,37.5,35.3,84.2,2311.6,423,1792.7,95.9
Seattle Police Dept,WA,12,663410,4005,26,,154,1567,2258,40771,7123,28134,5514,603.7,3.9,,23.2,236.2,340.4,6145.7,1073.7,4240.8,831.2
Shreveport Police Dept,LA,12,200184,1444,20,,121,400,903,9204,2087,6623,494,721.3,10,,60.4,199.8,451.1,4597.8,1042.5,3308.5,246.8
Simi Valley Police Dept,CA,12,126604,140,0,27,,24,89,1618,348,1176,94,110.6,0,21.3,,19,70.3,1278,274.9,928.9,74.2
Sioux Falls Police Dept,SD,12,167339,744,4,,152,88,500,4950,847,3788,315,444.6,2.4,,90.8,52.6,298.8,2958.1,506.2,2263.7,188.2
South Bend Police Dept,IN,12,100853,691,17,,98,341,235,4744,1222,3190,332,685.2,16.9,,97.2,338.1,233,4703.9,1211.7,3163,329.2
Spokane Police Dept,WA,12,211025,1156,10,117,,416,613,18062,3365,12455,2242,547.8,4.7,55.4,,197.1,290.5,8559.2,1594.6,5902.1,1062.4
Springfield Police Dept,IL,12,117134,1248,4,,97,258,889,5535,1110,4300,125,1065.4,3.4,,82.8,220.3,759,4725.4,947.6,3671,106.7
Springfield Police Dept,MA,12,153766,1678,13,,95,583,987,5907,1793,3482,632,1091.3,8.5,,61.8,379.1,641.9,3841.6,1166.1,2264.5,411
Springfield Police Dept,MO,12,165280,1961,16,,265,390,1290,12638,1814,9509,1315,1186.5,9.7,,160.3,236,780.5,7646.4,1097.5,5753.3,795.6
St. Louis Police Dept,MO,12,318574,5348,159,,279,1562,3348,19919,4209,12463,3247,1678.7,49.9,,87.6,490.3,1050.9,6252.6,1321.2,3912.1,1019.2
St. Paul Police Dept,MN,12,297984,1974,11,,181,654,1128,10383,2330,6045,2008,662.5,3.7,,60.7,219.5,378.5,3484.4,781.9,2028.6,673.9
St. Petersburg Police Dept,FL,12,250772,2169,19,,154,619,1377,14150,2612,10139,1399,864.9,7.6,,61.4,246.8,549.1,5642.6,1041.6,4043.1,557.9
Stamford Police Dept,CT,12,127385,310,2,,23,146,139,2063,277,1580,206,243.4,1.6,,18.1,114.6,109.1,1619.5,217.5,1240.3,161.7
Sterling Heights Police Dept,MI,12,131604,211,0,,33,27,151,2023,221,1648,154,160.3,0,,25.1,20.5,114.7,1537.2,167.9,1252.2,117
Stockton Police Dept,CA,12,299519,3988,49,134,,1098,2707,13148,3124,8082,1942,1331.5,16.4,44.7,,366.6,903.8,4389.7,1043,2698.3,648.4
Sunnyvale Dept Of Public Safety,CA,12,149384,167,1,,14,88,64,2356,511,1559,286,111.8,0.7,,9.4,58.9,42.8,1577.1,342.1,1043.6,191.5
Surprise Police Dept,AZ,12,125049,137,4,,9,31,93,2099,350,1620,129,109.6,3.2,,7.2,24.8,74.4,1678.5,279.9,1295.5,103.2
Syracuse Police Dept,NY,12,144534,1172,20,,78,406,668,5755,1404,3986,365,810.9,13.8,,54,280.9,462.2,3981.8,971.4,2757.8,252.5
Tacoma Police Dept,WA,12,204722,1634,13,,140,510,971,12778,3135,7565,2078,798.2,6.4,,68.4,249.1,474.3,6241.6,1531.3,3695.3,1015
Tallahassee Police Dept,FL,12,187573,1758,14,,198,307,1239,9080,2316,6099,665,937.2,7.5,,105.6,163.7,660.5,4840.8,1234.7,3251.5,354.5
Tampa Police Dept,FL,12,357124,2080,28,,62,514,1476,8670,1820,6355,495,582.4,7.8,,17.4,143.9,413.3,2427.7,509.6,1779.5,138.6
Temecula,CA,12,108308,100,2,7,,54,37,2535,656,1668,211,92.3,1.8,6.5,,49.9,34.2,2340.5,605.7,1540.1,194.8
Tempe Police Dept,AZ,12,169812,799,5,,103,193,498,8044,1177,6406,461,470.5,2.9,,60.7,113.7,293.3,4737,693.1,3772.4,271.5
Thornton Police Dept,CO,12,129442,330,6,,88,48,188,3760,486,2905,369,254.9,4.6,,68,37.1,145.2,2904.8,375.5,2244.2,285.1
Thousand Oaks,CA,12,129175,128,1,,25,22,80,1599,357,1148,94,99.1,0.8,,19.4,17,61.9,1237.9,276.4,888.7,72.8
Toledo Police Dept,OH,12,281150,3068,24,,231,944,1869,,4691,,949,1091.2,8.5,,82.2,335.8,664.8,,1668.5,,337.5
Topeka Police Dept,KS,12,127673,651,6,,66,198,381,6260,1007,4672,581,509.9,4.7,,51.7,155.1,298.4,4903.2,788.7,3659.3,455.1
Torrance Police Dept,CA,12,147971,155,2,18,,73,62,2623,582,1784,257,104.8,1.4,12.2,,49.3,41.9,1772.6,393.3,1205.6,173.7
Tucson Police Dept,AZ,12,527328,3443,35,,399,988,2021,,4247,,1823,652.9,6.6,,75.7,187.4,383.3,,805.4,,345.7
Tulsa Police Dept,OK,12,399556,3217,46,,313,920,1938,20304,5500,12494,2310,805.1,11.5,,78.3,230.3,485,5081.6,1376.5,3127,578.1
Tyler Police Dept,TX,12,100969,467,1,,50,102,314,4090,648,3269,173,462.5,1,,49.5,101,311,4050.7,641.8,3237.6,171.3
Vallejo Police Dept,CA,12,119504,1034,18,,63,368,585,4877,2258,1579,1040,865.2,15.1,,52.7,307.9,489.5,4081,1889.5,1321.3,870.3
Vancouver Police Dept,WA,12,168688,580,7,,90,152,331,5260,821,3618,821,343.8,4.1,,53.4,90.1,196.2,3118.2,486.7,2144.8,486.7
Ventura Police Dept,CA,12,109246,276,1,28,,103,144,3867,663,2994,210,252.6,0.9,25.6,,94.3,131.8,3539.7,606.9,2740.6,192.2
Victorville,CA,12,122316,642,3,,39,189,411,4374,1747,2023,604,524.9,2.5,,31.9,154.5,336,3576,1428.3,1653.9,493.8
Virginia Beach Police Dept,VA,12,451102,667,17,,115,250,285,9865,1051,8448,366,147.9,3.8,,25.5,55.4,63.2,2186.9,233,1872.7,81.1
Visalia Police Dept,CA,12,128488,484,10,30,,138,306,3796,783,2456,557,376.7,7.8,23.3,,107.4,238.2,2954.4,609.4,1911.5,433.5
City Of Waco Police Dept,TX,12,129944,576,6,,101,138,331,5009,1373,3434,202,443.3,4.6,,77.7,106.2,254.7,3854.7,1056.6,2642.7,155.5
Warren Police Dept,MI,12,135080,646,4,,103,161,378,3444,742,2157,545,478.2,3,,76.3,119.2,279.8,2549.6,549.3,1596.8,403.5
Washington Metropolitan Police Dept,DC,12,658893,7810,105,,470,3231,4004,33027,3463,25881,3683,1185.3,15.9,,71.3,490.4,607.7,5012.5,525.6,3928,559
Waterbury Police Dept,CT,12,109495,408,7,,34,220,147,4591,460,3422,709,372.6,6.4,,31.1,200.9,134.3,4192.9,420.1,3125.3,647.5
West Covina Police Dept,CA,12,108136,225,1,4,,87,133,2832,454,1953,425,208.1,0.9,3.7,,80.5,123,2618.9,419.8,1806.1,393
West Jordan Police Dept,UT,12,111618,213,0,,18,38,157,2075,289,1596,190,190.8,0,,16.1,34,140.7,1859,258.9,1429.9,170.2
West Palm Beach Police Dept,FL,12,103028,849,15,,45,326,463,4788,929,3567,292,824,14.6,,43.7,316.4,449.4,4647.3,901.7,3462.2,283.4
West Valley Police Dept,UT,12,134590,636,1,,134,132,369,5984,933,4202,849,472.5,0.7,,99.6,98.1,274.2,4446.1,693.2,3122.1,630.8
Westminster Police Dept,CO,12,112100,262,4,,42,66,150,3266,336,2612,318,233.7,3.6,,37.5,58.9,133.8,2913.5,299.7,2330.1,283.7
Wichita Police Dept,KS,12,387493,2939,21,,243,496,2179,18301,3264,13006,2031,758.5,5.4,,62.7,128,562.3,4722.9,842.3,3356.4,524.1
Wichita Falls Police Dept,TX,12,104949,426,2,,87,130,207,4258,939,3082,237,405.9,1.9,,82.9,123.9,197.2,4057.2,894.7,2936.7,225.8
Wilmington Police Dept,NC,12,113418,766,18,36,,237,475,5172,1343,3475,354,675.4,15.9,31.7,,209,418.8,4560.1,1184.1,3063.9,312.1
Winston-Salem Police Dept,NC,12,238082,1696,13,77,,428,1178,12896,3724,8467,705,712.4,5.5,32.3,,179.8,494.8,5416.6,1564.2,3556.3,296.1
Woodbridge Police Dept,NJ,12,100969,116,0,5,,52,59,1815,250,1480,85,114.9,0,5,,51.5,58.4,1797.6,247.6,1465.8,84.2
Worcester Police Dept,MA,12,183248,1768,6,,10,402,1350,5612,1417,3829,366,964.8,3.3,,5.5,219.4,736.7,3062.5,773.3,2089.5,199.7
Yonkers Police Dept,NY,12,200624,977,3,,36,357,581,2009,414,1395,200,487,1.5,,17.9,177.9,289.6,1001.4,206.4,695.3,99.7